pervote_chanc,pervote_partner,topic,salience_chanc,salience_partner,salience_gov,salience_seat,salience_perc,salience_diff,lp,next_election,election,election_date,start_date,total_seats,maj_size,party_chanc,party_partner,seats_chanc,seats_partner,rile_chanc,rile_partner,left_right_chanc,left_right_partner,ideo_chanc,ideo_partner,ideo_gov,left_right_gov,left_right_seat,left_right_perc,rile_diff,bundesratmaj,time,gov,n_laws,europe,mip_share,account_balance_perc_delta,account_balance_perc
33.8,14.563,1,0.110662824207493,0.0785185185185185,0.0945906713630057,10.1658545806666,0.10098357511731,0.0321443056889743,17,2013-09-22,2009,2009-09-27,2009-10-28,622,332,CDU,FDP,239,93,8.724,4.272,6.2503,5.9233,1,0,CDU-FDP,6.0868,10.9929494623656,6.1518342100366,4.452,0,8,gov_8,65,0.32476940389914255,26.827764468085107,0.19378804308570988,6.389846057867095
33.8,14.563,10,0.0368876080691643,0.0241975308641975,0.0305425694666809,3.3332857526809097,0.033066389486034,0.0126900772049667,17,2013-09-22,2009,2009-09-27,2009-10-28,622,332,CDU,FDP,239,93,8.724,4.272,6.2503,5.9233,1,0,CDU-FDP,6.0868,10.9929494623656,6.1518342100366,4.452,0,8,gov_8,40,0.5689023925904254,0.4942031914893617,0.19378804308570988,6.389846057867095
33.8,14.563,12,0.100864553314121,0.062716049382716,0.0817903013484186,9.017837600803471,0.0893773283125072,0.038148503931405,17,2013-09-22,2009,2009-09-27,2009-10-28,622,332,CDU,FDP,239,93,8.724,4.272,6.2503,5.9233,1,0,CDU-FDP,6.0868,10.9929494623656,6.1518342100366,4.452,0,8,gov_8,84,0.3392430107833439,3.3745529787234045,0.19378804308570988,6.389846057867095
33.8,14.563,13,0.0547550432276657,0.0883950617283951,0.0715750524780304,6.417830142214711,0.0648846793012369,0.0336400185007294,17,2013-09-22,2009,2009-09-27,2009-10-28,622,332,CDU,FDP,239,93,8.724,4.272,6.2503,5.9233,1,0,CDU-FDP,6.0868,10.9929494623656,6.1518342100366,4.452,0,8,gov_8,22,0.2530784818018861,5.248794042553191,0.19378804308570988,6.389846057867095
33.8,14.563,14,0.0420749279538905,0.014320987654321,0.0281979578041057,3.43004808217822,0.0337176996474862,0.0277539402995695,17,2013-09-22,2009,2009-09-27,2009-10-28,622,332,CDU,FDP,239,93,8.724,4.272,6.2503,5.9233,1,0,CDU-FDP,6.0868,10.9929494623656,6.1518342100366,4.452,0,8,gov_8,5,0.278419452887538,0.07416212765957446,0.19378804308570988,6.389846057867095
33.8,14.563,15,0.0610951008645533,0.0859259259259259,0.0735105133952396,6.805072354740769,0.0685721247333946,0.0248308250613726,17,2013-09-22,2009,2009-09-27,2009-10-28,622,332,CDU,FDP,239,93,8.724,4.272,6.2503,5.9233,1,0,CDU-FDP,6.0868,10.9929494623656,6.1518342100366,4.452,0,8,gov_8,61,0.6771648441398672,0.004033829787234043,0.19378804308570988,6.389846057867095
33.8,14.563,16,0.0236311239193084,0.04,0.0318155619596542,2.82163813756467,0.0285600973569179,0.0163688760806916,17,2013-09-22,2009,2009-09-27,2009-10-28,622,332,CDU,FDP,239,93,8.724,4.272,6.2503,5.9233,1,0,CDU-FDP,6.0868,10.9929494623656,6.1518342100366,4.452,0,8,gov_8,16,0.23479005507456402,0.6268914893617021,0.19378804308570988,6.389846057867095
33.8,14.563,17,0.0322766570605187,0.037037037037037,0.0346568470487779,3.36101369937001,0.0337100961275335,0.00476037997651831,17,2013-09-22,2009,2009-09-27,2009-10-28,622,332,CDU,FDP,239,93,8.724,4.272,6.2503,5.9233,1,0,CDU-FDP,6.0868,10.9929494623656,6.1518342100366,4.452,0,8,gov_8,9,0.2524770546516479,0.00072191489361702135,0.19378804308570988,6.389846057867095
33.8,14.563,18,0.0109510086455331,0.0123456790123457,0.0116483438289394,1.1341684380815,0.0113709698669605,0.00139467036681254,17,2013-09-22,2009,2009-09-27,2009-10-28,622,332,CDU,FDP,239,93,8.724,4.272,6.2503,5.9233,1,0,CDU-FDP,6.0868,10.9929494623656,6.1518342100366,4.452,0,8,gov_8,9,0.2183342972816657,0.16083617021276594,0.19378804308570988,6.389846057867095
33.8,14.563,19,0.0634005763688761,0.101728395061728,0.0825644857153022,7.41369834123558,0.0749417963846735,0.0383278186928523,17,2013-09-22,2009,2009-09-27,2009-10-28,622,332,CDU,FDP,239,93,8.724,4.272,6.2503,5.9233,1,0,CDU-FDP,6.0868,10.9929494623656,6.1518342100366,4.452,0,8,gov_8,36,0.33803736030671344,9.811238723404255,0.19378804308570988,6.389846057867095
33.8,14.563,2,0.10028818443804,0.087901234567901207,0.0940947095029708,9.68183460708026,0.0965582431407917,0.0123869498701391,17,2013-09-22,2009,2009-09-27,2009-10-28,622,332,CDU,FDP,239,93,8.724,4.272,6.2503,5.9233,1,0,CDU-FDP,6.0868,10.9929494623656,6.1518342100366,4.452,0,8,gov_8,25,0.33826031852429733,9.366149787234043,0.19378804308570988,6.389846057867095
33.8,14.563,2420,0.022478386167147,0.0316049382716049,0.027041662219376,2.5034920340986098,0.0252265609763445,0.00912655210445797,17,2013-09-22,2009,2009-09-27,2009-10-28,622,332,CDU,FDP,239,93,8.724,4.272,6.2503,5.9233,1,0,CDU-FDP,6.0868,10.9929494623656,6.1518342100366,4.452,0,8,gov_8,58,0.2790523379273015,2.4715731914893615,0.19378804308570988,6.389846057867095
33.8,14.563,25,0.00576368876080692,0,0.00288184438040346,0.414916148744835,0.0040281347334796,0.00576368876080692,17,2013-09-22,2009,2009-09-27,2009-10-28,622,332,CDU,FDP,239,93,8.724,4.272,6.2503,5.9233,1,0,CDU-FDP,6.0868,10.9929494623656,6.1518342100366,4.452,0,8,gov_8,0,0,0.27151936170212765,0.19378804308570988,6.389846057867095
33.8,14.563,3,0.0634005763688761,0.0617283950617284,0.0625644857153022,6.29321641352474,0.0628970514350219,0.00167218130714769,17,2013-09-22,2009,2009-09-27,2009-10-28,622,332,CDU,FDP,239,93,8.724,4.272,6.2503,5.9233,1,0,CDU-FDP,6.0868,10.9929494623656,6.1518342100366,4.452,0,8,gov_8,25,0.36639136180166665,1.7714017021276596,0.19378804308570988,6.389846057867095
33.8,14.563,4,0.0426512968299712,0.0246913580246914,0.0336713274273313,3.7620350116443997,0.0372432247744475,0.0179599388052798,17,2013-09-22,2009,2009-09-27,2009-10-28,622,332,CDU,FDP,239,93,8.724,4.272,6.2503,5.9233,1,0,CDU-FDP,6.0868,10.9929494623656,6.1518342100366,4.452,0,8,gov_8,19,0.6260718371082132,0.5383334042553192,0.19378804308570988,6.389846057867095
33.8,14.563,5,0.0484149855907781,0.0330864197530864,0.0407507026719323,4.41211403410633,0.0437992689418046,0.0153285658376917,17,2013-09-22,2009,2009-09-27,2009-10-28,622,332,CDU,FDP,239,93,8.724,4.272,6.2503,5.9233,1,0,CDU-FDP,6.0868,10.9929494623656,6.1518342100366,4.452,0,8,gov_8,17,0.40059036867547504,22.962030212765956,0.19378804308570988,6.389846057867095
33.8,14.563,6,0.0668587896253602,0.108148148148148,0.0875034688867542,7.8424784633249605,0.0792917844389028,0.0412893585227879,17,2013-09-22,2009,2009-09-27,2009-10-28,622,332,CDU,FDP,239,93,8.724,4.272,6.2503,5.9233,1,0,CDU-FDP,6.0868,10.9929494623656,6.1518342100366,4.452,0,8,gov_8,11,0.30809562777647886,4.061535106382979,0.19378804308570988,6.389846057867095
33.8,14.563,721,0.0685878962536023,0.0582716049382716,0.0634297505959369,6.5698091758645205,0.0654814688106157,0.0103162913153307,17,2013-09-22,2009,2009-09-27,2009-10-28,622,332,CDU,FDP,239,93,8.724,4.272,6.2503,5.9233,1,0,CDU-FDP,6.0868,10.9929494623656,6.1518342100366,4.452,0,8,gov_8,22,0.72232042189489,1.9867482978723405,0.19378804308570988,6.389846057867095
33.8,14.563,8,0.0449567723342939,0.0493827160493827,0.0471697441918383,4.61965698207495,0.0462895064145379,0.00442594371508877,17,2013-09-22,2009,2009-09-27,2009-10-28,622,332,CDU,FDP,239,93,8.724,4.272,6.2503,5.9233,1,0,CDU-FDP,6.0868,10.9929494623656,6.1518342100366,4.452,0,8,gov_8,25,0.4047014929718525,3.2355872340425536,0.19378804308570988,6.389846057867095
35.17,34.247,1,0.246896551724138,0.172595520421607,0.209746036072873,21.0077737105473,0.2102400062235,0.0743010313025305,16,2009-09-27,2005,2005-09-18,2005-11-22,614,448,CDU,SPD,226,222,25.611,-2.154,6.2503,3.6451,1,-1,Grand Coalition,4.9477,5.00400900900901,4.96501996196897,27.765,1,7,gov_7,54,0.26486376497537206,19.246250444444446,0.32246264074292014,6.039795359024832
35.17,34.247,10,0.0248275862068966,0.0316205533596838,0.0282240697832902,2.81937440370724,0.0281789085930772,0.00679296715278724,16,2009-09-27,2005,2005-09-18,2005-11-22,614,448,CDU,SPD,226,222,25.611,-2.154,6.2503,3.6451,1,-1,Grand Coalition,4.9477,5.00400900900901,4.96501996196897,27.765,1,7,gov_7,41,0.5795281579139309,0.10259555555555555,0.32246264074292014,6.039795359024832
35.17,34.247,12,0.023448275862069,0.0461133069828722,0.0347807914224706,3.46796082478241,0.0346301091420169,0.0226650311208032,16,2009-09-27,2005,2005-09-18,2005-11-22,614,448,CDU,SPD,226,222,25.611,-2.154,6.2503,3.6451,1,-1,Grand Coalition,4.9477,5.00400900900901,4.96501996196897,27.765,1,7,gov_7,88,0.4262608131817779,3.1935226666666665,0.32246264074292014,6.039795359024832
35.17,34.247,13,0.0813793103448276,0.0961791831357049,0.0887792467402662,8.87131758795927,0.0886808538207654,0.0147998727908773,16,2009-09-27,2005,2005-09-18,2005-11-22,614,448,CDU,SPD,226,222,25.611,-2.154,6.2503,3.6451,1,-1,Grand Coalition,4.9477,5.00400900900901,4.96501996196897,27.765,1,7,gov_7,28,0.09523479910576685,3.520627777777778,0.32246264074292014,6.039795359024832
35.17,34.247,14,0.00275862068965517,0.00922266139657444,0.00599064104311481,0.596178371853035,0.00594766663070512,0.00646404070691927,16,2009-09-27,2005,2005-09-18,2005-11-22,614,448,CDU,SPD,226,222,25.611,-2.154,6.2503,3.6451,1,-1,Grand Coalition,4.9477,5.00400900900901,4.96501996196897,27.765,1,7,gov_7,8,0.21134199134199133,0.016464,0.32246264074292014,6.039795359024832
35.17,34.247,15,0.0855172413793103,0.0223978919631094,0.0539575666712099,5.42393494811036,0.0543771984581724,0.063119349416201,16,2009-09-27,2005,2005-09-18,2005-11-22,614,448,CDU,SPD,226,222,25.611,-2.154,6.2503,3.6451,1,-1,Grand Coalition,4.9477,5.00400900900901,4.96501996196897,27.765,1,7,gov_7,69,0.6209103960991591,0.07025888888888888,0.32246264074292014,6.039795359024832
35.17,34.247,16,0.016551724137931,0.0118577075098814,0.0142047158239062,1.42256712552814,0.0142359227137725,0.00469401662804961,16,2009-09-27,2005,2005-09-18,2005-11-22,614,448,CDU,SPD,226,222,25.611,-2.154,6.2503,3.6451,1,-1,Grand Coalition,4.9477,5.00400900900901,4.96501996196897,27.765,1,7,gov_7,11,0.15632011466794074,0.3288208888888889,0.32246264074292014,6.039795359024832
35.17,34.247,17,0.0303448275862069,0.0289855072463768,0.0296651674162919,2.96712358106661,0.0296742044869926,0.00135932033983008,16,2009-09-27,2005,2005-09-18,2005-11-22,614,448,CDU,SPD,226,222,25.611,-2.154,6.2503,3.6451,1,-1,Grand Coalition,4.9477,5.00400900900901,4.96501996196897,27.765,1,7,gov_7,14,0.3800848117024588,0.2623066666666667,0.32246264074292014,6.039795359024832
35.17,34.247,18,0.0303448275862069,0.0184453227931489,0.0243950751896779,2.4448197978932598,0.0244741858032451,0.011899504793058,16,2009-09-27,2005,2005-09-18,2005-11-22,614,448,CDU,SPD,226,222,25.611,-2.154,6.2503,3.6451,1,-1,Grand Coalition,4.9477,5.00400900900901,4.96501996196897,27.765,1,7,gov_7,16,0.14352170367822242,0.7604122222222223,0.32246264074292014,6.039795359024832
35.17,34.247,19,0.0827586206896552,0.0948616600790514,0.0888101403843533,8.87561089585078,0.08872967662651,0.0121030393893962,16,2009-09-27,2005,2005-09-18,2005-11-22,614,448,CDU,SPD,226,222,25.611,-2.154,6.2503,3.6451,1,-1,Grand Coalition,4.9477,5.00400900900901,4.96501996196897,27.765,1,7,gov_7,34,0.4664900857153368,7.263306666666667,0.32246264074292014,6.039795359024832
35.17,34.247,2,0.0344827586206897,0.0790513833992095,0.0567670710099496,5.65681039350455,0.0564707686584321,0.0445686247785198,16,2009-09-27,2005,2005-09-18,2005-11-22,614,448,CDU,SPD,226,222,25.611,-2.154,6.2503,3.6451,1,-1,Grand Coalition,4.9477,5.00400900900901,4.96501996196897,27.765,1,7,gov_7,25,0.30508939014202174,6.422956888888889,0.32246264074292014,6.039795359024832
35.17,34.247,2420,0.0537931034482759,0.0250329380764163,0.0394130207623461,3.9541414357756195,0.0396042248812091,0.0287601653718595,16,2009-09-27,2005,2005-09-18,2005-11-22,614,448,CDU,SPD,226,222,25.611,-2.154,6.2503,3.6451,1,-1,Grand Coalition,4.9477,5.00400900900901,4.96501996196897,27.765,1,7,gov_7,73,0.21237193896055925,0.9985655555555556,0.32246264074292014,6.039795359024832
35.17,34.247,25,0.00275862068965517,0.00131752305665349,0.00203807187315433,0.204450534473023,0.00204765261789453,0.00144109763300168,16,2009-09-27,2005,2005-09-18,2005-11-22,614,448,CDU,SPD,226,222,25.611,-2.154,6.2503,3.6451,1,-1,Grand Coalition,4.9477,5.00400900900901,4.96501996196897,27.765,1,7,gov_7,0,0,0.34111755555555556,0.32246264074292014,6.039795359024832
35.17,34.247,3,0.0441379310344828,0.0461133069828722,0.0451256190086775,4.51168003660507,0.0451124862602127,0.00197537594838944,16,2009-09-27,2005,2005-09-18,2005-11-22,614,448,CDU,SPD,226,222,25.611,-2.154,6.2503,3.6451,1,-1,Grand Coalition,4.9477,5.00400900900901,4.96501996196897,27.765,1,7,gov_7,20,0.3732875015483711,2.689464666666667,0.32246264074292014,6.039795359024832
35.17,34.247,4,0.0262068965517241,0.0131752305665349,0.0196910635591295,1.97492406394205,0.0197777010377322,0.0130316659851892,16,2009-09-27,2005,2005-09-18,2005-11-22,614,448,CDU,SPD,226,222,25.611,-2.154,6.2503,3.6451,1,-1,Grand Coalition,4.9477,5.00400900900901,4.96501996196897,27.765,1,7,gov_7,28,0.5093364197530864,0.11140511111111111,0.32246264074292014,6.039795359024832
35.17,34.247,5,0.115862068965517,0.13570487483531,0.125783471900413,12.5694887945638,0.125651552415145,0.0198428058697924,16,2009-09-27,2005,2005-09-18,2005-11-22,614,448,CDU,SPD,226,222,25.611,-2.154,6.2503,3.6451,1,-1,Grand Coalition,4.9477,5.00400900900901,4.96501996196897,27.765,1,7,gov_7,42,0.2673678329492283,47.092796222222226,0.32246264074292014,6.039795359024832
35.17,34.247,6,0.0372413793103448,0.0948616600790514,0.0660515196946981,6.579428629840919,0.0656684469664794,0.0576202807687066,16,2009-09-27,2005,2005-09-18,2005-11-22,614,448,CDU,SPD,226,222,25.611,-2.154,6.2503,3.6451,1,-1,Grand Coalition,4.9477,5.00400900900901,4.96501996196897,27.765,1,7,gov_7,8,0.09752340252340252,2.4053377777777776,0.32246264074292014,6.039795359024832
35.17,34.247,721,0.0248275862068966,0.0263504611330698,0.0255890236699832,2.55822251212056,0.0255788992512035,0.00152287492617328,16,2009-09-27,2005,2005-09-18,2005-11-22,614,448,CDU,SPD,226,222,25.611,-2.154,6.2503,3.6451,1,-1,Grand Coalition,4.9477,5.00400900900901,4.96501996196897,27.765,1,7,gov_7,38,0.629859120887753,1.6895128888888888,0.32246264074292014,6.039795359024832
35.17,34.247,8,0.0358620689655172,0.0461133069828722,0.0409876879741947,4.094192351876011,0.0409195354129344,0.010251238017355,16,2009-09-27,2005,2005-09-18,2005-11-22,614,448,CDU,SPD,226,222,25.611,-2.154,6.2503,3.6451,1,-1,Grand Coalition,4.9477,5.00400900900901,4.96501996196897,27.765,1,7,gov_7,14,0.47575078516254987,0.13822377777777778,0.32246264074292014,6.039795359024832
38.521,8.564,1,0.102834541858932,0.0416956219596942,0.0722650819093132,9.18455203084155,0.0917143611216044,0.0611389198992379,15,2005-09-18,2002,2002-09-22,2002-10-22,603,306,SPD,Grüne,251,55,4.099,-13.434,3.6451,2.9308,-1,-1,SPD-Green,3.28795,9.78285545454546,3.51518038228735,17.533,0,6,gov_6,31,0.282302591891633,62.040191891891894,1.0096603452189137,3.4177223431914974
38.521,8.564,10,0.027686222808174,0.0264072272411397,0.0270467250246569,2.74563379840339,0.0274535941995708,0.00127899556703435,15,2005-09-18,2002,2002-09-22,2002-10-22,603,306,SPD,Grüne,251,55,4.099,-13.434,3.6451,2.9308,-1,-1,SPD-Green,3.28795,9.78285545454546,3.51518038228735,17.533,0,6,gov_6,33,0.41236691236691236,0.06489972972972972,1.0096603452189137,3.4177223431914974
38.521,8.564,12,0.0764667106130521,0.0528144544822794,0.0646405825476657,7.2215488105887005,0.0721647477479371,0.0236522561307727,15,2005-09-18,2002,2002-09-22,2002-10-22,603,306,SPD,Grüne,251,55,4.099,-13.434,3.6451,2.9308,-1,-1,SPD-Green,3.28795,9.78285545454546,3.51518038228735,17.533,0,6,gov_6,57,0.3927468216666823,1.1024881081081082,1.0096603452189137,3.4177223431914974
38.521,8.564,13,0.0916282135794331,0.0597637248088951,0.0756959691941641,8.59009361860357,0.0858325784125883,0.031864488770538,15,2005-09-18,2002,2002-09-22,2002-10-22,603,306,SPD,Grüne,251,55,4.099,-13.434,3.6451,2.9308,-1,-1,SPD-Green,3.28795,9.78285545454546,3.51518038228735,17.533,0,6,gov_6,17,0.09266095363656339,4.553931081081081,1.0096603452189137,3.4177223431914974
38.521,8.564,14,0.023731048121292,0.0319666435024322,0.0278488458118621,2.52113021930656,0.0252289697278352,0.00823559538114022,15,2005-09-18,2002,2002-09-22,2002-10-22,603,306,SPD,Grüne,251,55,4.099,-13.434,3.6451,2.9308,-1,-1,SPD-Green,3.28795,9.78285545454546,3.51518038228735,17.533,0,6,gov_6,5,0.13963963963963963,0.02097918918918919,1.0096603452189137,3.4177223431914974
38.521,8.564,15,0.0626235992089651,0.0472550382209868,0.0549393187149759,5.98612761555703,0.0598283065191266,0.0153685609879783,15,2005-09-18,2002,2002-09-22,2002-10-22,603,306,SPD,Grüne,251,55,4.099,-13.434,3.6451,2.9308,-1,-1,SPD-Green,3.28795,9.78285545454546,3.51518038228735,17.533,0,6,gov_6,39,0.6697447447447448,0.004511351351351351,1.0096603452189137,3.4177223431914974
38.521,8.564,16,0.021753460777851,0.029186935371786,0.0254701980748185,2.30895428127086,0.0231054895858038,0.00743347459393494,15,2005-09-18,2002,2002-09-22,2002-10-22,603,306,SPD,Grüne,251,55,4.099,-13.434,3.6451,2.9308,-1,-1,SPD-Green,3.28795,9.78285545454546,3.51518038228735,17.533,0,6,gov_6,16,0.13762993762993764,0.01452135135135135,1.0096603452189137,3.4177223431914974
38.521,8.564,17,0.0586684245220831,0.0236275191104934,0.0411479718162882,5.237022256901961,0.0522950505400324,0.0350409054115897,15,2005-09-18,2002,2002-09-22,2002-10-22,603,306,SPD,Grüne,251,55,4.099,-13.434,3.6451,2.9308,-1,-1,SPD-Green,3.28795,9.78285545454546,3.51518038228735,17.533,0,6,gov_6,6,0.40025740025740025,0,1.0096603452189137,3.4177223431914974
38.521,8.564,18,0.015161502966381,0.00833912439193885,0.0117503136791599,1.3935258451366899,0.013920622641192,0.00682237857444217,15,2005-09-18,2002,2002-09-22,2002-10-22,603,306,SPD,Grüne,251,55,4.099,-13.434,3.6451,2.9308,-1,-1,SPD-Green,3.28795,9.78285545454546,3.51518038228735,17.533,0,6,gov_6,21,0.18438015323443577,0,1.0096603452189137,3.4177223431914974
38.521,8.564,19,0.0797626895187871,0.120917303683113,0.10033999660095,8.71597606921137,0.0872480482466896,0.0411546141643262,15,2005-09-18,2002,2002-09-22,2002-10-22,603,306,SPD,Grüne,251,55,4.099,-13.434,3.6451,2.9308,-1,-1,SPD-Green,3.28795,9.78285545454546,3.51518038228735,17.533,0,6,gov_6,17,0.4338994661806713,2.4629608108108108,1.0096603452189137,3.4177223431914974
38.521,8.564,2,0.0764667106130521,0.143849895760945,0.110158303186999,8.857806742067991,0.0887226222113648,0.067383185147893,15,2005-09-18,2002,2002-09-22,2002-10-22,603,306,SPD,Grüne,251,55,4.099,-13.434,3.6451,2.9308,-1,-1,SPD-Green,3.28795,9.78285545454546,3.51518038228735,17.533,0,6,gov_6,10,0.30045669176103956,6.387068108108108,1.0096603452189137,3.4177223431914974
38.521,8.564,2420,0.0533948582729071,0.0264072272411397,0.0399010427570234,4.85441402770012,0.0484862446559153,0.0269876310317674,15,2005-09-18,2002,2002-09-22,2002-10-22,603,306,SPD,Grüne,251,55,4.099,-13.434,3.6451,2.9308,-1,-1,SPD-Green,3.28795,9.78285545454546,3.51518038228735,17.533,0,6,gov_6,38,0.1887454022183341,1.9965005405405405,1.0096603452189137,3.4177223431914974
38.521,8.564,25,0.00659195781147001,0.00833912439193885,0.00746554110170443,0.6905991020377801,0.00690973915574388,0.00174716658046884,15,2005-09-18,2002,2002-09-22,2002-10-22,603,306,SPD,Grüne,251,55,4.099,-13.434,3.6451,2.9308,-1,-1,SPD-Green,3.28795,9.78285545454546,3.51518038228735,17.533,0,6,gov_6,4,0,0.1460181081081081,1.0096603452189137,3.4177223431914974
38.521,8.564,3,0.0487804878048781,0.0625434329395413,0.0556619603722097,5.12542197735267,0.0512837449384292,0.0137629451346633,15,2005-09-18,2002,2002-09-22,2002-10-22,603,306,SPD,Grüne,251,55,4.099,-13.434,3.6451,2.9308,-1,-1,SPD-Green,3.28795,9.78285545454546,3.51518038228735,17.533,0,6,gov_6,17,0.353989703989704,2.0413967567567566,1.0096603452189137,3.4177223431914974
38.521,8.564,4,0.015820698747528,0.0382209867963864,0.0270208427719572,1.9846894311865302,0.0198949488664708,0.0224002880488584,15,2005-09-18,2002,2002-09-22,2002-10-22,603,306,SPD,Grüne,251,55,4.099,-13.434,3.6451,2.9308,-1,-1,SPD-Green,3.28795,9.78285545454546,3.51518038228735,17.533,0,6,gov_6,21,0.6719402329158427,0.029327837837837836,1.0096603452189137,3.4177223431914974
38.521,8.564,5,0.110744891232696,0.0618485059068798,0.0862966985697879,10.195632524276201,0.101851429537246,0.0488963853258163,15,2005-09-18,2002,2002-09-22,2002-10-22,603,306,SPD,Grüne,251,55,4.099,-13.434,3.6451,2.9308,-1,-1,SPD-Green,3.28795,9.78285545454546,3.51518038228735,17.533,0,6,gov_6,17,0.25759110937838053,16.25329864864865,1.0096603452189137,3.4177223431914974
38.521,8.564,6,0.0889914304548451,0.0778318276580959,0.0834116290564705,8.69856194946451,0.0869616791890203,0.0111596027967492,15,2005-09-18,2002,2002-09-22,2002-10-22,603,306,SPD,Grüne,251,55,4.099,-13.434,3.6451,2.9308,-1,-1,SPD-Green,3.28795,9.78285545454546,3.51518038228735,17.533,0,6,gov_6,8,0.021235521235521235,0.8653635135135135,1.0096603452189137,3.4177223431914974
38.521,8.564,721,0.023071852340145,0.101459346768589,0.0622655995543672,3.71611078746693,0.0373292698252294,0.0783874944284443,15,2005-09-18,2002,2002-09-22,2002-10-22,603,306,SPD,Grüne,251,55,4.099,-13.434,3.6451,2.9308,-1,-1,SPD-Green,3.28795,9.78285545454546,3.51518038228735,17.533,0,6,gov_6,22,0.5574598553321958,0.14401540540540542,1.0096603452189137,3.4177223431914974
38.521,8.564,8,0.015820698747528,0.0375260597637248,0.0266733792556264,1.9721989126256199,0.0197685528782004,0.0217053610161968,15,2005-09-18,2002,2002-09-22,2002-10-22,603,306,SPD,Grüne,251,55,4.099,-13.434,3.6451,2.9308,-1,-1,SPD-Green,3.28795,9.78285545454546,3.51518038228735,17.533,0,6,gov_6,8,0.544356120826709,0.07164378378378378,1.0096603452189137,3.4177223431914974
40.929,6.696,1,0.154518950437318,0.106288751107174,0.130403850772246,14.794845951408101,0.147737860364569,0.0482301993301433,14,2002-09-22,1998,1998-09-27,1998-10-27,669,345,SPD,Grüne,298,47,-1.603,-16.256,3.6451,2.9308,-1,-1,SPD-Green,3.28795,13.0211425531915,3.54467054488189,14.653,0,5,gov_5,63,0.38786507705190304,66.36501787234043,0.5646419712649011,-0.5098806047209902
40.929,6.696,10,0.00777453838678328,0.0367581930912312,0.0222663657390072,1.17230362740559,0.0118495945946779,0.0289836547044479,14,2002-09-22,1998,1998-09-27,1998-10-27,669,345,SPD,Grüne,298,47,-1.603,-16.256,3.6451,2.9308,-1,-1,SPD-Green,3.28795,13.0211425531915,3.54467054488189,14.653,0,5,gov_5,47,0.19754969948748868,0.1502668085106383,0.5646419712649011,-0.5098806047209902
40.929,6.696,12,0.0923226433430515,0.0695305580159433,0.0809266006794974,8.921763461732949,0.0891181120391078,0.0227920853271082,14,2002-09-22,1998,1998-09-27,1998-10-27,669,345,SPD,Grüne,298,47,-1.603,-16.256,3.6451,2.9308,-1,-1,SPD-Green,3.28795,13.0211425531915,3.54467054488189,14.653,0,5,gov_5,71,0.3903629274602529,2.9774129787234043,0.5646419712649011,-0.5098806047209902
40.929,6.696,13,0.11175898931001,0.074844995571302,0.0933019924406559,10.6730126394881,0.106568939922621,0.0369139937387077,14,2002-09-22,1998,1998-09-27,1998-10-27,669,345,SPD,Grüne,298,47,-1.603,-16.256,3.6451,2.9308,-1,-1,SPD-Green,3.28795,13.0211425531915,3.54467054488189,14.653,0,5,gov_5,32,0.10072002445326568,3.1226402127659574,0.5646419712649011,-0.5098806047209902
40.929,6.696,14,0.0369290573372206,0.0327723649247121,0.0348507111309664,3.63627832984151,0.0363446329299942,0.00415669241250847,14,2002-09-22,1998,1998-09-27,1998-10-27,669,345,SPD,Grüne,298,47,-1.603,-16.256,3.6451,2.9308,-1,-1,SPD-Green,3.28795,13.0211425531915,3.54467054488189,14.653,0,5,gov_5,7,0.019250253292806482,0.07178085106382978,0.5646419712649011,-0.5098806047209902
40.929,6.696,15,0.0573372206025267,0.0460584588131089,0.0516978397078178,5.58006936341133,0.0557514444567642,0.0112787617894178,14,2002-09-22,1998,1998-09-27,1998-10-27,669,345,SPD,Grüne,298,47,-1.603,-16.256,3.6451,2.9308,-1,-1,SPD-Green,3.28795,13.0211425531915,3.54467054488189,14.653,0,5,gov_5,42,0.6575666459674696,0.020830851063829786,0.5646419712649011,-0.5098806047209902
40.929,6.696,16,0.0194363459669582,0.0460584588131089,0.0327474023900336,2.30631265575932,0.0231793731085398,0.0266221128461507,14,2002-09-22,1998,1998-09-27,1998-10-27,669,345,SPD,Grüne,298,47,-1.603,-16.256,3.6451,2.9308,-1,-1,SPD-Green,3.28795,13.0211425531915,3.54467054488189,14.653,0,5,gov_5,14,0.09246448170102738,0.7446697872340425,0.5646419712649011,-0.5098806047209902
40.929,6.696,17,0.0369290573372206,0.0150575730735164,0.0259933152053685,3.3949463828831896,0.0338539610930261,0.0218714842637042,14,2002-09-22,1998,1998-09-27,1998-10-27,669,345,SPD,Grüne,298,47,-1.603,-16.256,3.6451,2.9308,-1,-1,SPD-Green,3.28795,13.0211425531915,3.54467054488189,14.653,0,5,gov_5,10,0.3208922219968637,0.035481702127659574,0.5646419712649011,-0.5098806047209902
40.929,6.696,18,0.0126336248785228,0.0101860053144376,0.0114098150964802,1.23001810538504,0.0122894934223314,0.00244761956408528,14,2002-09-22,1998,1998-09-27,1998-10-27,669,345,SPD,Grüne,298,47,-1.603,-16.256,3.6451,2.9308,-1,-1,SPD-Green,3.28795,13.0211425531915,3.54467054488189,14.653,0,5,gov_5,23,0.20905863704340497,0,0.5646419712649011,-0.5098806047209902
40.929,6.696,19,0.0408163265306122,0.0925597874224978,0.066688056976555,4.786543569559369,0.0480913756462462,0.0517434608918855,14,2002-09-22,1998,1998-09-27,1998-10-27,669,345,SPD,Grüne,298,47,-1.603,-16.256,3.6451,2.9308,-1,-1,SPD-Green,3.28795,13.0211425531915,3.54467054488189,14.653,0,5,gov_5,28,0.4849651687515993,5.59506,0.5646419712649011,-0.5098806047209902
40.929,6.696,2,0.0495626822157434,0.133303808680248,0.0914332454479957,6.09708936471397,0.0613365527208631,0.0837411264645046,14,2002-09-22,1998,1998-09-27,1998-10-27,669,345,SPD,Grüne,298,47,-1.603,-16.256,3.6451,2.9308,-1,-1,SPD-Green,3.28795,13.0211425531915,3.54467054488189,14.653,0,5,gov_5,19,0.37514185221645635,10.911382765957446,0.5646419712649011,-0.5098806047209902
40.929,6.696,2420,0.06511175898931,0.0398582816651904,0.0524850203272502,6.1671430194429995,0.0615611598467944,0.0252534773241196,14,2002-09-22,1998,1998-09-27,1998-10-27,669,345,SPD,Grüne,298,47,-1.603,-16.256,3.6451,2.9308,-1,-1,SPD-Green,3.28795,13.0211425531915,3.54467054488189,14.653,0,5,gov_5,55,0.16082465013267366,1.7830961702127661,0.5646419712649011,-0.5098806047209902
40.929,6.696,25,0.00291545189504373,0.0048715677590788304,0.00389350982706128,0.318193724463692,0.00319047870502964,0.0019561158640351,14,2002-09-22,1998,1998-09-27,1998-10-27,669,345,SPD,Grüne,298,47,-1.603,-16.256,3.6451,2.9308,-1,-1,SPD-Green,3.28795,13.0211425531915,3.54467054488189,14.653,0,5,gov_5,9,0,1.020341914893617,0.5646419712649011,-0.5098806047209902
40.929,6.696,3,0.0310981535471331,0.039415411868910497,0.0352567827080218,3.22312293185057,0.0322675469691304,0.0083172583217774,14,2002-09-22,1998,1998-09-27,1998-10-27,669,345,SPD,Grüne,298,47,-1.603,-16.256,3.6451,2.9308,-1,-1,SPD-Green,3.28795,13.0211425531915,3.54467054488189,14.653,0,5,gov_5,29,0.20480269818895563,0.6669414893617022,0.5646419712649011,-0.5098806047209902
40.929,6.696,4,0.00680272108843537,0.0225863596102746,0.014694540349355,0.89529559015555,0.00902187580848231,0.0157836385218392,14,2002-09-22,1998,1998-09-27,1998-10-27,669,345,SPD,Grüne,298,47,-1.603,-16.256,3.6451,2.9308,-1,-1,SPD-Green,3.28795,13.0211425531915,3.54467054488189,14.653,0,5,gov_5,27,0.6432729042321852,2.5275391489361705,0.5646419712649011,-0.5098806047209902
40.929,6.696,5,0.154518950437318,0.0859167404782994,0.120217845457809,14.517314212406,0.144873587752056,0.0686022099590184,14,2002-09-22,1998,1998-09-27,1998-10-27,669,345,SPD,Grüne,298,47,-1.603,-16.256,3.6451,2.9308,-1,-1,SPD-Green,3.28795,13.0211425531915,3.54467054488189,14.653,0,5,gov_5,25,0.2720860753361056,0.3858078723404255,0.5646419712649011,-0.5098806047209902
40.929,6.696,6,0.0641399416909621,0.0403011514614703,0.0522205465762162,6.08923383843357,0.0607882453260975,0.0238387902294918,14,2002-09-22,1998,1998-09-27,1998-10-27,669,345,SPD,Grüne,298,47,-1.603,-16.256,3.6451,2.9308,-1,-1,SPD-Green,3.28795,13.0211425531915,3.54467054488189,14.653,0,5,gov_5,7,0.03650992311818344,0.7229812765957447,0.5646419712649011,-0.5098806047209902
40.929,6.696,721,0.0340136054421769,0.0739592559787423,0.0539864307104596,3.94554766746945,0.0396299010010817,0.0399456505365654,14,2002-09-22,1998,1998-09-27,1998-10-27,669,345,SPD,Grüne,298,47,-1.603,-16.256,3.6451,2.9308,-1,-1,SPD-Green,3.28795,13.0211425531915,3.54467054488189,14.653,0,5,gov_5,25,0.2880617489480071,1.4802546808510637,0.5646419712649011,-0.5098806047209902
40.929,6.696,8,0.021379980563654,0.0296722763507529,0.0255261284572035,2.25096556418965,0.0225458642925866,0.00829229578709885,14,2002-09-22,1998,1998-09-27,1998-10-27,669,345,SPD,Grüne,298,47,-1.603,-16.256,3.6451,2.9308,-1,-1,SPD-Green,3.28795,13.0211425531915,3.54467054488189,14.653,0,5,gov_5,13,0.3530663329161452,0.18395297872340427,0.5646419712649011,-0.5098806047209902
41.44,6.917,1,0.0917874396135266,0.0802023121387283,0.0859948758761274,9.01906625128946,0.0901302994529877,0.0115851274747983,13,1998-09-27,1994,1994-10-16,1994-11-17,672,341,CDU,FDP,294,47,26.812,1.657,6.2503,5.9233,1,0,CDU-FDP,6.0868,22.5104606382979,6.20352582046033,25.155,0,4,gov_4,40,0.20070966590264835,77.408288,0.22025832126102604,-0.7782487919473136
41.44,6.917,10,0.0434782608695652,0.0751445086705202,0.0593113847700427,4.78428170180839,0.0480078105943043,0.031666247800955,13,1998-09-27,1994,1994-10-16,1994-11-17,672,341,CDU,FDP,294,47,26.812,1.657,6.2503,5.9233,1,0,CDU-FDP,6.0868,22.5104606382979,6.20352582046033,25.155,0,4,gov_4,67,0.16856368563685636,0.14309244444444444,0.22025832126102604,-0.7782487919473136
41.44,6.917,12,0.1243961352657,0.0747832369942197,0.0995896861299601,11.7557993861713,0.117299491194649,0.0496128982714808,13,1998-09-27,1994,1994-10-16,1994-11-17,672,341,CDU,FDP,294,47,26.812,1.657,6.2503,5.9233,1,0,CDU-FDP,6.0868,22.5104606382979,6.20352582046033,25.155,0,4,gov_4,69,0.3608363006392001,2.4321817777777777,0.22025832126102604,-0.7782487919473136
41.44,6.917,13,0.107487922705314,0.0538294797687861,0.0806587012370501,10.0092184236056,0.0998126026938997,0.0536584429365279,13,1998-09-27,1994,1994-10-16,1994-11-17,672,341,CDU,FDP,294,47,26.812,1.657,6.2503,5.9233,1,0,CDU-FDP,6.0868,22.5104606382979,6.20352582046033,25.155,0,4,gov_4,24,0.06283524904214559,4.152586222222222,0.22025832126102604,-0.7782487919473136
41.44,6.917,14,0.0531400966183575,0.0357658959537572,0.0444529962860574,5.07454120692777,0.05065488566654,0.0173742006646003,13,1998-09-27,1994,1994-10-16,1994-11-17,672,341,CDU,FDP,294,47,26.812,1.657,6.2503,5.9233,1,0,CDU-FDP,6.0868,22.5104606382979,6.20352582046033,25.155,0,4,gov_4,12,0.06322751322751323,0.4973537777777778,0.22025832126102604,-0.7782487919473136
41.44,6.917,15,0.0495169082125604,0.0296242774566474,0.0395705928346039,4.67751086655577,0.0466714602538646,0.019892630755913,13,1998-09-27,1994,1994-10-16,1994-11-17,672,341,CDU,FDP,294,47,26.812,1.657,6.2503,5.9233,1,0,CDU-FDP,6.0868,22.5104606382979,6.20352582046033,25.155,0,4,gov_4,30,0.598714125380792,0.009694666666666666,0.22025832126102604,-0.7782487919473136
41.44,6.917,16,0.0289855072463768,0.0559971098265896,0.0424913085364832,3.27085140536202,0.0328492551018544,0.0270116025802128,13,1998-09-27,1994,1994-10-16,1994-11-17,672,341,CDU,FDP,294,47,26.812,1.657,6.2503,5.9233,1,0,CDU-FDP,6.0868,22.5104606382979,6.20352582046033,25.155,0,4,gov_4,19,0.017094017094017096,0.03722933333333333,0.22025832126102604,-0.7782487919473136
41.44,6.917,17,0.0241545893719807,0.0437138728323699,0.0339342311021753,2.6850443690568,0.0269523552320529,0.0195592834603893,13,1998-09-27,1994,1994-10-16,1994-11-17,672,341,CDU,FDP,294,47,26.812,1.657,6.2503,5.9233,1,0,CDU-FDP,6.0868,22.5104606382979,6.20352582046033,25.155,0,4,gov_4,15,0.2229727398205659,0.0021199999999999995,0.22025832126102604,-0.7782487919473136
41.44,6.917,18,0.0277777777777778,0.013728323699422,0.0207530507385999,2.58413427581803,0.0257681395897184,0.0140494540783558,13,1998-09-27,1994,1994-10-16,1994-11-17,672,341,CDU,FDP,294,47,26.812,1.657,6.2503,5.9233,1,0,CDU-FDP,6.0868,22.5104606382979,6.20352582046033,25.155,0,4,gov_4,61,0.18072384990032048,0,0.22025832126102604,-0.7782487919473136
41.44,6.917,19,0.0929951690821256,0.111271676300578,0.102133422691352,9.551421846414101,0.0956094462380706,0.0182765072184524,13,1998-09-27,1994,1994-10-16,1994-11-17,672,341,CDU,FDP,294,47,26.812,1.657,6.2503,5.9233,1,0,CDU-FDP,6.0868,22.5104606382979,6.20352582046033,25.155,0,4,gov_4,27,0.5258537397967683,2.136508222222222,0.22025832126102604,-0.7782487919473136
41.44,6.917,2,0.0905797101449275,0.0780346820809249,0.0843071961129262,8.88506300305342,0.0887852655119125,0.0125450280640027,13,1998-09-27,1994,1994-10-16,1994-11-17,672,341,CDU,FDP,294,47,26.812,1.657,6.2503,5.9233,1,0,CDU-FDP,6.0868,22.5104606382979,6.20352582046033,25.155,0,4,gov_4,16,0.3042846768336964,7.499826888888889,0.22025832126102604,-0.7782487919473136
41.44,6.917,2420,0.03743961352657,0.0596098265895954,0.0485247200580827,4.04953320425882,0.0406108475517773,0.0221702130630253,13,1998-09-27,1994,1994-10-16,1994-11-17,672,341,CDU,FDP,294,47,26.812,1.657,6.2503,5.9233,1,0,CDU-FDP,6.0868,22.5104606382979,6.20352582046033,25.155,0,4,gov_4,41,0.08491121109239294,0.043146444444444446,0.22025832126102604,-0.7782487919473136
41.44,6.917,25,0.0301932367149758,0.00216763005780347,0.0161804333863897,2.63304698150137,0.0261844454076644,0.0280256066571724,13,1998-09-27,1994,1994-10-16,1994-11-17,672,341,CDU,FDP,294,47,26.812,1.657,6.2503,5.9233,1,0,CDU-FDP,6.0868,22.5104606382979,6.20352582046033,25.155,0,4,gov_4,9,0,0.8952891111111111,0.22025832126102604,-0.7782487919473136
41.44,6.917,3,0.0169082125603865,0.0404624277456647,0.0286853201530256,2.0154687967155,0.0202774146704547,0.0235542151852783,13,1998-09-27,1994,1994-10-16,1994-11-17,672,341,CDU,FDP,294,47,26.812,1.657,6.2503,5.9233,1,0,CDU-FDP,6.0868,22.5104606382979,6.20352582046033,25.155,0,4,gov_4,26,0.20207825065510074,0.5060784444444444,0.22025832126102604,-0.7782487919473136
41.44,6.917,4,0.0386473429951691,0.0198699421965318,0.0292586425958504,3.60592554950636,0.035961417869041,0.0187774007986373,13,1998-09-27,1994,1994-10-16,1994-11-17,672,341,CDU,FDP,294,47,26.812,1.657,6.2503,5.9233,1,0,CDU-FDP,6.0868,22.5104606382979,6.20352582046033,25.155,0,4,gov_4,26,0.563039361091118,0.02980266666666667,0.22025832126102604,-0.7782487919473136
41.44,6.917,5,0.0422705314009662,0.0740606936416185,0.0581656125212923,4.6652166665806805,0.0468178058848794,0.0317901622406523,13,1998-09-27,1994,1994-10-16,1994-11-17,672,341,CDU,FDP,294,47,26.812,1.657,6.2503,5.9233,1,0,CDU-FDP,6.0868,22.5104606382979,6.20352582046033,25.155,0,4,gov_4,22,0.3171732026143791,0.5227348888888889,0.22025832126102604,-0.7782487919473136
41.44,6.917,6,0.0314009661835749,0.0668352601156069,0.0491181131495909,3.62848717988403,0.0364694983739065,0.0354342939320321,13,1998-09-27,1994,1994-10-16,1994-11-17,672,341,CDU,FDP,294,47,26.812,1.657,6.2503,5.9233,1,0,CDU-FDP,6.0868,22.5104606382979,6.20352582046033,25.155,0,4,gov_4,12,0.10135076252723312,0.06195133333333333,0.22025832126102604,-0.7782487919473136
41.44,6.917,721,0.0386473429951691,0.0715317919075144,0.0550895674513418,4.31798036956976,0.0433511445777051,0.0328844489123454,13,1998-09-27,1994,1994-10-16,1994-11-17,672,341,CDU,FDP,294,47,26.812,1.657,6.2503,5.9233,1,0,CDU-FDP,6.0868,22.5104606382979,6.20352582046033,25.155,0,4,gov_4,26,0.2936435883804305,2.086138,0.22025832126102604,-0.7782487919473136
41.44,6.917,8,0.0301932367149758,0.0133670520231214,0.0217801443690486,2.78740851592071,0.0277864141347174,0.0168261846918545,13,1998-09-27,1994,1994-10-16,1994-11-17,672,341,CDU,FDP,294,47,26.812,1.657,6.2503,5.9233,1,0,CDU-FDP,6.0868,22.5104606382979,6.20352582046033,25.155,0,4,gov_4,10,0.32773892773892777,0.10552800000000001,0.22025832126102604,-0.7782487919473136
41.5,25.7,1,0.106126914660832,0.116567036720751,0.111346975690791,11.012481854488799,0.110119639912914,0.01044012205992,18,2017-09-22,2013,2013-09-22,2013-12-17,631,504,CDU,SPD,311,193,2.564,-23.568,6.2503,3.6451,1,-1,Grand Coalition,4.9477,6.85841347150259,5.25396607142857,26.132,0,9,gov_9,33,0.1976412767280296,8.7595812,0.6449733838059972,8.008745640915079
41.5,25.7,10,0.0415754923413567,0.0170794192997438,0.0293274558205502,3.2195051672643795,0.0322072025025256,0.0244960730416129,18,2017-09-22,2013,2013-09-22,2013-12-17,631,504,CDU,SPD,311,193,2.564,-23.568,6.2503,3.6451,1,-1,Grand Coalition,4.9477,6.85841347150259,5.25396607142857,26.132,0,9,gov_9,27,0.43413696715583505,0.638642,0.6449733838059972,8.008745640915079
41.5,25.7,12,0.0550692924872356,0.0392826643894108,0.0471759784383232,4.9024016251362195,0.0490318469200615,0.0157866280978248,18,2017-09-22,2013,2013-09-22,2013-12-17,631,504,CDU,SPD,311,193,2.564,-23.568,6.2503,3.6451,1,-1,Grand Coalition,4.9477,6.85841347150259,5.25396607142857,26.132,0,9,gov_9,37,0.3137629816494455,2.53631,0.6449733838059972,8.008745640915079
41.5,25.7,13,0.0791393143690737,0.10333048676345,0.0912349005662619,8.84029974486662,0.0883909978591849,0.0241911723943764,18,2017-09-22,2013,2013-09-22,2013-12-17,631,504,CDU,SPD,311,193,2.564,-23.568,6.2503,3.6451,1,-1,Grand Coalition,4.9477,6.85841347150259,5.25396607142857,26.132,0,9,gov_9,12,0.15219907407407407,4.2329944,0.6449733838059972,8.008745640915079
41.5,25.7,14,0.0459518599562363,0.0422715627668659,0.0441117113615511,4.45425398023703,0.044544365346611,0.0036802971893704,18,2017-09-22,2013,2013-09-22,2013-12-17,631,504,CDU,SPD,311,193,2.564,-23.568,6.2503,3.6451,1,-1,Grand Coalition,4.9477,6.85841347150259,5.25396607142857,26.132,0,9,gov_9,4,0.2222222222222222,0.2631564,0.6449733838059972,8.008745640915079
41.5,25.7,15,0.0707512764405543,0.0862510674637062,0.0785011719521303,7.66867122887058,0.0766790239003014,0.0154997910231519,18,2017-09-22,2013,2013-09-22,2013-12-17,631,504,CDU,SPD,311,193,2.564,-23.568,6.2503,3.6451,1,-1,Grand Coalition,4.9477,6.85841347150259,5.25396607142857,26.132,0,9,gov_9,33,0.4256025581154006,0.5392932,0.6449733838059972,8.008745640915079
41.5,25.7,16,0.0211524434719183,0.0128095644748079,0.0169810039733631,1.7957650522628,0.0179617888554639,0.00834287899711045,18,2017-09-22,2013,2013-09-22,2013-12-17,631,504,CDU,SPD,311,193,2.564,-23.568,6.2503,3.6451,1,-1,Grand Coalition,4.9477,6.85841347150259,5.25396607142857,26.132,0,9,gov_9,8,0.059895833333333336,0.3650924,0.6449733838059972,8.008745640915079
41.5,25.7,17,0.0722100656455142,0.020068317677199,0.0461391916613566,5.22430867608221,0.0522689507231079,0.0521417479683152,18,2017-09-22,2013,2013-09-22,2013-12-17,631,504,CDU,SPD,311,193,2.564,-23.568,6.2503,3.6451,1,-1,Grand Coalition,4.9477,6.85841347150259,5.25396607142857,26.132,0,9,gov_9,2,0.19449404761904762,0,0.6449733838059972,8.008745640915079
41.5,25.7,18,0.024799416484318,0.00939368061485909,0.0170965485495886,1.88999977882752,0.0189076395223374,0.0154057358694589,18,2017-09-22,2013,2013-09-22,2013-12-17,631,504,CDU,SPD,311,193,2.564,-23.568,6.2503,3.6451,1,-1,Grand Coalition,4.9477,6.85841347150259,5.25396607142857,26.132,0,9,gov_9,0,0,0.2428544,0.6449733838059972,8.008745640915079
41.5,25.7,19,0.0583515681983953,0.0982066609735269,0.0782791145859611,7.36135382491898,0.0735937688579322,0.0398550927751316,18,2017-09-22,2013,2013-09-22,2013-12-17,631,504,CDU,SPD,311,193,2.564,-23.568,6.2503,3.6451,1,-1,Grand Coalition,4.9477,6.85841347150259,5.25396607142857,26.132,0,9,gov_9,19,0.22189324609714686,10.3971924,0.6449733838059972,8.008745640915079
41.5,25.7,2,0.0765864332603939,0.0845431255337318,0.0805647793970629,7.96333412142713,0.0796293944423103,0.00795669227333798,18,2017-09-22,2013,2013-09-22,2013-12-17,631,504,CDU,SPD,311,193,2.564,-23.568,6.2503,3.6451,1,-1,Grand Coalition,4.9477,6.85841347150259,5.25396607142857,26.132,0,9,gov_9,25,0.3903153153153153,43.9877348,0.6449733838059972,8.008745640915079
41.5,25.7,2420,0.0437636761487965,0.0298889837745517,0.0368263299616741,3.8450549902309903,0.0384574321901939,0.0138746923742448,18,2017-09-22,2013,2013-09-22,2013-12-17,631,504,CDU,SPD,311,193,2.564,-23.568,6.2503,3.6451,1,-1,Grand Coalition,4.9477,6.85841347150259,5.25396607142857,26.132,0,9,gov_9,24,0.2241799645390071,0.6185632,0.6449733838059972,8.008745640915079
41.5,25.7,25,0.00437636761487965,0.00128095644748079,0.00282866203118022,0.319102167180826,0.00319255709401431,0.00309541116739886,18,2017-09-22,2013,2013-09-22,2013-12-17,631,504,CDU,SPD,311,193,2.564,-23.568,6.2503,3.6451,1,-1,Grand Coalition,4.9477,6.85841347150259,5.25396607142857,26.132,0,9,gov_9,1,0,0.3966868,0.6449733838059972,8.008745640915079
41.5,25.7,3,0.0313639679066375,0.0666097352690009,0.0489868515878192,4.48608589799235,0.0448433759603985,0.0352457673623634,18,2017-09-22,2013,2013-09-22,2013-12-17,631,504,CDU,SPD,311,193,2.564,-23.568,6.2503,3.6451,1,-1,Grand Coalition,4.9477,6.85841347150259,5.25396607142857,26.132,0,9,gov_9,11,0.20917417711598746,1.1013532,0.6449733838059972,8.008745640915079
41.5,25.7,4,0.0309992706053975,0.0183603757472246,0.0246798231763111,2.6159376344232097,0.0261656456373165,0.0126388948581729,18,2017-09-22,2013,2013-09-22,2013-12-17,631,504,CDU,SPD,311,193,2.564,-23.568,6.2503,3.6451,1,-1,Grand Coalition,4.9477,6.85841347150259,5.25396607142857,26.132,0,9,gov_9,13,0.5680607769423559,0.0959248,0.6449733838059972,8.008745640915079
41.5,25.7,5,0.0543398978847557,0.069598633646456,0.0619692657656058,6.01830248728671,0.060175456055525,0.0152587357617004,18,2017-09-22,2013,2013-09-22,2013-12-17,631,504,CDU,SPD,311,193,2.564,-23.568,6.2503,3.6451,1,-1,Grand Coalition,4.9477,6.85841347150259,5.25396607142857,26.132,0,9,gov_9,15,0.22980288129744653,10.3039592,0.6449733838059972,8.008745640915079
41.5,25.7,6,0.0948212983223924,0.105465414175918,0.100143356249155,9.88973188774131,0.0988920390580414,0.0106441158535256,18,2017-09-22,2013,2013-09-22,2013-12-17,631,504,CDU,SPD,311,193,2.564,-23.568,6.2503,3.6451,1,-1,Grand Coalition,4.9477,6.85841347150259,5.25396607142857,26.132,0,9,gov_9,3,0.06875,3.059374,0.6449733838059972,8.008745640915079
41.5,25.7,721,0.0444930707512764,0.0290350128095645,0.0367640417804205,3.85736160235971,0.0385812837110681,0.015458057941712,18,2017-09-22,2013,2013-09-22,2013-12-17,631,504,CDU,SPD,311,193,2.564,-23.568,6.2503,3.6451,1,-1,Grand Coalition,4.9477,6.85841347150259,5.25396607142857,26.132,0,9,gov_9,14,0.29927248677248675,0.7802472,0.6449733838059972,8.008745640915079
41.5,25.7,8,0.0393873085339169,0.0499573014517506,0.0446723049928337,4.34349447107857,0.0434297016587432,0.0105699929178338,18,2017-09-22,2013,2013-09-22,2013-12-17,631,504,CDU,SPD,311,193,2.564,-23.568,6.2503,3.6451,1,-1,Grand Coalition,4.9477,6.85841347150259,5.25396607142857,26.132,0,9,gov_9,11,0.45552884615384615,1.7252108,0.6449733838059972,8.008745640915079
43.821,11.032,1,0.0642857142857143,0.0553613053613054,0.0598235098235098,6.2514286383633095,0.0624908429157969,0.00892440892440892,12,1994-10-16,1990,1990-12-02,1991-01-18,662,398,CDU,FDP,319,79,-9.868,1.892,6.2503,5.9233,1,0,CDU-FDP,6.0868,15.5809265822785,6.18453397079467,11.76,0,3,gov_3,42,0.15982280487543646,47.528352444444444,-0.9151240022743516,-1.2808514336573216
43.821,11.032,10,0.0380952380952381,0.041958041958042,0.04002664002664,3.88619755453926,0.0388721227180382,0.00386280386280386,12,1994-10-16,1990,1990-12-02,1991-01-18,662,398,CDU,FDP,319,79,-9.868,1.892,6.2503,5.9233,1,0,CDU-FDP,6.0868,15.5809265822785,6.18453397079467,11.76,0,3,gov_3,51,0.16915519931905235,0.2887748888888889,-0.9151240022743516,-1.2808514336573216
43.821,11.032,12,0.0333333333333333,0.0646853146853147,0.049009324009324,3.95564653102341,0.0396388236123529,0.0313519813519814,12,1994-10-16,1990,1990-12-02,1991-01-18,662,398,CDU,FDP,319,79,-9.868,1.892,6.2503,5.9233,1,0,CDU-FDP,6.0868,15.5809265822785,6.18453397079467,11.76,0,3,gov_3,41,0.15381368957839547,2.481297777777778,-0.9151240022743516,-1.2808514336573216
43.821,11.032,13,0.0619047619047619,0.0308857808857809,0.0463952713952714,5.574772798390891,0.0556662444380527,0.031018981018981,12,1994-10-16,1990,1990-12-02,1991-01-18,662,398,CDU,FDP,319,79,-9.868,1.892,6.2503,5.9233,1,0,CDU-FDP,6.0868,15.5809265822785,6.18453397079467,11.76,0,3,gov_3,17,0,3.8702917777777777,-0.9151240022743516,-1.2808514336573216
43.821,11.032,14,0.0666666666666667,0.0413752913752914,0.054020979020979,6.16465193098359,0.0615800815716955,0.0252913752913753,12,1994-10-16,1990,1990-12-02,1991-01-18,662,398,CDU,FDP,319,79,-9.868,1.892,6.2503,5.9233,1,0,CDU-FDP,6.0868,15.5809265822785,6.18453397079467,11.76,0,3,gov_3,14,0.02130204738900391,2.416262222222222,-0.9151240022743516,-1.2808514336573216
43.821,11.032,15,0.0166666666666667,0.0472027972027972,0.0319347319347319,2.27278584062504,0.0228080735555258,0.0305361305361305,12,1994-10-16,1990,1990-12-02,1991-01-18,662,398,CDU,FDP,319,79,-9.868,1.892,6.2503,5.9233,1,0,CDU-FDP,6.0868,15.5809265822785,6.18453397079467,11.76,0,3,gov_3,42,0.567283950617284,0.003088,-0.9151240022743516,-1.2808514336573216
43.821,11.032,16,0.0357142857142857,0.0716783216783217,0.0536963036963037,4.28528757674486,0.0429473494438036,0.035964035964036,12,1994-10-16,1990,1990-12-02,1991-01-18,662,398,CDU,FDP,319,79,-9.868,1.892,6.2503,5.9233,1,0,CDU-FDP,6.0868,15.5809265822785,6.18453397079467,11.76,0,3,gov_3,24,0.06514080901177675,0.028524444444444443,-0.9151240022743516,-1.2808514336573216
43.821,11.032,17,0.0119047619047619,0.0431235431235431,0.0275141525141525,1.81014546592436,0.0181834630588573,0.0312187812187812,12,1994-10-16,1990,1990-12-02,1991-01-18,662,398,CDU,FDP,319,79,-9.868,1.892,6.2503,5.9233,1,0,CDU-FDP,6.0868,15.5809265822785,6.18453397079467,11.76,0,3,gov_3,6,0.2677777777777778,0.0021173333333333335,-0.9151240022743516,-1.2808514336573216
43.821,11.032,18,0.00714285714285714,0.00641025641025641,0.00677655677655678,0.699744141955197,0.00699551695577437,7.32600732600733e-4,12,1994-10-16,1990,1990-12-02,1991-01-18,662,398,CDU,FDP,319,79,-9.868,1.892,6.2503,5.9233,1,0,CDU-FDP,6.0868,15.5809265822785,6.18453397079467,11.76,0,3,gov_3,18,0.013968253968253968,0,-0.9151240022743516,-1.2808514336573216
43.821,11.032,19,0.128571428571429,0.104312354312354,0.116441891441891,12.3756185188346,0.12369245919462,0.0242590742590742,12,1994-10-16,1990,1990-12-02,1991-01-18,662,398,CDU,FDP,319,79,-9.868,1.892,6.2503,5.9233,1,0,CDU-FDP,6.0868,15.5809265822785,6.18453397079467,11.76,0,3,gov_3,35,0.3868187368187368,4.6250684444444445,-0.9151240022743516,-1.2808514336573216
43.821,11.032,2,0.0761904761904762,0.0844988344988345,0.0803446553446553,7.78396226888689,0.0778614478576195,0.0083083583083583,12,1994-10-16,1990,1990-12-02,1991-01-18,662,398,CDU,FDP,319,79,-9.868,1.892,6.2503,5.9233,1,0,CDU-FDP,6.0868,15.5809265822785,6.18453397079467,11.76,0,3,gov_3,20,0.22717834472220436,20.680494,-0.9151240022743516,-1.2808514336573216
43.821,11.032,2420,0.00476190476190476,0.0303030303030303,0.0175324675324675,0.983162566077139,0.00989871946610867,0.0255411255411255,12,1994-10-16,1990,1990-12-02,1991-01-18,662,398,CDU,FDP,319,79,-9.868,1.892,6.2503,5.9233,1,0,CDU-FDP,6.0868,15.5809265822785,6.18453397079467,11.76,0,3,gov_3,51,0.12791233452445305,0.31340022222222225,-0.9151240022743516,-1.2808514336573216
43.821,11.032,25,0.080952380952381,0.0168997668997669,0.0489260739260739,6.82384198715857,0.068070160504485,0.0640526140526141,12,1994-10-16,1990,1990-12-02,1991-01-18,662,398,CDU,FDP,319,79,-9.868,1.892,6.2503,5.9233,1,0,CDU-FDP,6.0868,15.5809265822785,6.18453397079467,11.76,0,3,gov_3,30,0.023060231949120838,10.891344222222223,-0.9151240022743516,-1.2808514336573216
43.821,11.032,3,0.0571428571428571,0.0844988344988345,0.0708208458208458,6.257281244718429,0.0626446736741525,0.0273559773559774,12,1994-10-16,1990,1990-12-02,1991-01-18,662,398,CDU,FDP,319,79,-9.868,1.892,6.2503,5.9233,1,0,CDU-FDP,6.0868,15.5809265822785,6.18453397079467,11.76,0,3,gov_3,17,0.38288716961485836,0.5325995555555556,-0.9151240022743516,-1.2808514336573216
43.821,11.032,4,0.0333333333333333,0.0268065268065268,0.0300699300699301,3.20378114347964,0.0320206662120505,0.00652680652680653,12,1994-10-16,1990,1990-12-02,1991-01-18,662,398,CDU,FDP,319,79,-9.868,1.892,6.2503,5.9233,1,0,CDU-FDP,6.0868,15.5809265822785,6.18453397079467,11.76,0,3,gov_3,27,0.5460444647944648,0.0021453333333333333,-0.9151240022743516,-1.2808514336573216
43.821,11.032,5,0.05,0.0722610722610723,0.0611305361305361,5.44186550467958,0.054477132502947,0.0222610722610723,12,1994-10-16,1990,1990-12-02,1991-01-18,662,398,CDU,FDP,319,79,-9.868,1.892,6.2503,5.9233,1,0,CDU-FDP,6.0868,15.5809265822785,6.18453397079467,11.76,0,3,gov_3,20,0.24750598328453202,2.0633175555555554,-0.9151240022743516,-1.2808514336573216
43.821,11.032,6,0.0476190476190476,0.0780885780885781,0.0628538128538129,5.36670197474218,0.0537470599454447,0.0304695304695305,12,1994-10-16,1990,1990-12-02,1991-01-18,662,398,CDU,FDP,319,79,-9.868,1.892,6.2503,5.9233,1,0,CDU-FDP,6.0868,15.5809265822785,6.18453397079467,11.76,0,3,gov_3,10,0.2666074666074666,0.07825444444444445,-0.9151240022743516,-1.2808514336573216
43.821,11.032,721,0.0690476190476191,0.0681818181818182,0.0686147186147186,6.887576410189481,0.0688734897356121,8.65800865800875e-4,12,1994-10-16,1990,1990-12-02,1991-01-18,662,398,CDU,FDP,319,79,-9.868,1.892,6.2503,5.9233,1,0,CDU-FDP,6.0868,15.5809265822785,6.18453397079467,11.76,0,3,gov_3,31,0.42162682162682164,3.165306666666667,-0.9151240022743516,-1.2808514336573216
43.821,11.032,8,0.0261904761904762,0.0314685314685315,0.0288295038295038,2.72381303788339,0.0272519952655953,0.00527805527805528,12,1994-10-16,1990,1990-12-02,1991-01-18,662,398,CDU,FDP,319,79,-9.868,1.892,6.2503,5.9233,1,0,CDU-FDP,6.0868,15.5809265822785,6.18453397079467,11.76,0,3,gov_3,3,0.03785103785103785,0,-0.9151240022743516,-1.2808514336573216
44.264,9.11,1,0.0851063829787234,0.0840909090909091,0.0845986460348162,8.49327331689113,0.0849330595044103,0.00101547388781431,11,1990-12-02,1987,1987-01-25,1987-03-11,497,269,CDU,FDP,223,46,9.89,11.22,6.2503,5.9233,1,0,CDU-FDP,6.0868,18.1118336956522,6.19448687001162,1.33,1,2,gov_2,37,0.06575932145087592,28.151132558139533,-0.3544845697316129,3.3996270835210254
44.264,9.11,10,0.00483558994197292,0,0.00241779497098646,0.40086860857247597,0.0040102400642914,0.00483558994197292,11,1990-12-02,1987,1987-01-25,1987-03-11,497,269,CDU,FDP,223,46,9.89,11.22,6.2503,5.9233,1,0,CDU-FDP,6.0868,18.1118336956522,6.19448687001162,1.33,1,2,gov_2,13,0.1594002447980416,0.0068497674418604645,-0.3544845697316129,3.3996270835210254
44.264,9.11,12,0.0357833655705996,0.0363636363636364,0.036073500967118,3.5882594033349404,0.0358824075559214,5.80270793036748e-4,11,1990-12-02,1987,1987-01-25,1987-03-11,497,269,CDU,FDP,223,46,9.89,11.22,6.2503,5.9233,1,0,CDU-FDP,6.0868,18.1118336956522,6.19448687001162,1.33,1,2,gov_2,35,0.1635050995516112,1.6281190697674417,-0.3544845697316129,3.3996270835210254
44.264,9.11,13,0.149903288201161,0.0886363636363636,0.119269825918762,13.9426416342496,0.139446105250936,0.0612669245647969,11,1990-12-02,1987,1987-01-25,1987-03-11,497,269,CDU,FDP,223,46,9.89,11.22,6.2503,5.9233,1,0,CDU-FDP,6.0868,18.1118336956522,6.19448687001162,1.33,1,2,gov_2,26,0,7.114657441860465,-0.3544845697316129,3.3996270835210254
44.264,9.11,14,0.0212765957446809,0.00227272727272727,0.0117746615087041,1.80268635896256,0.0180329707253925,0.0190038684719536,11,1990-12-02,1987,1987-01-25,1987-03-11,497,269,CDU,FDP,223,46,9.89,11.22,6.2503,5.9233,1,0,CDU-FDP,6.0868,18.1118336956522,6.19448687001162,1.33,1,2,gov_2,10,0.06468612723147904,2.4081958139534883,-0.3544845697316129,3.3996270835210254
44.264,9.11,15,0.0425531914893617,0.0295454545454545,0.0360493230174081,4.0328820116054205,0.0403330003183984,0.0130077369439072,11,1990-12-02,1987,1987-01-25,1987-03-11,497,269,CDU,FDP,223,46,9.89,11.22,6.2503,5.9233,1,0,CDU-FDP,6.0868,18.1118336956522,6.19448687001162,1.33,1,2,gov_2,27,0.5488104168899368,0.0034590697674418604,-0.3544845697316129,3.3996270835210254
44.264,9.11,16,0.0696324951644101,0.0272727272727273,0.0484526112185687,6.2388817383676205,0.06240243023592,0.0423597678916828,11,1990-12-02,1987,1987-01-25,1987-03-11,497,269,CDU,FDP,223,46,9.89,11.22,6.2503,5.9233,1,0,CDU-FDP,6.0868,18.1118336956522,6.19448687001162,1.33,1,2,gov_2,18,0.07269102990033223,3.8484351162790698,-0.3544845697316129,3.3996270835210254
44.264,9.11,17,0.0396518375241779,0.0136363636363636,0.0266441005802708,3.52030947775629,0.0352114551822514,0.0260154738878143,11,1990-12-02,1987,1987-01-25,1987-03-11,497,269,CDU,FDP,223,46,9.89,11.22,6.2503,5.9233,1,0,CDU-FDP,6.0868,18.1118336956522,6.19448687001162,1.33,1,2,gov_2,5,0.0377906976744186,0,-0.3544845697316129,3.3996270835210254
44.264,9.11,18,0.00870406189555126,0.00909090909090909,0.00889748549323017,0.877021420405111,0.00877008988576578,3.86847195357833e-4,11,1990-12-02,1987,1987-01-25,1987-03-11,497,269,CDU,FDP,223,46,9.89,11.22,6.2503,5.9233,1,0,CDU-FDP,6.0868,18.1118336956522,6.19448687001162,1.33,1,2,gov_2,15,0.03294573643410852,0,-0.3544845697316129,3.3996270835210254
44.264,9.11,19,0.0783365570599613,0.0636363636363636,0.0709864603481625,7.58227693369669,0.0758274934318095,0.0147001934235977,11,1990-12-02,1987,1987-01-25,1987-03-11,497,269,CDU,FDP,223,46,9.89,11.22,6.2503,5.9233,1,0,CDU-FDP,6.0868,18.1118336956522,6.19448687001162,1.33,1,2,gov_2,19,0.25554445554445554,2.651582558139535,-0.3544845697316129,3.3996270835210254
44.264,9.11,2,0.0676982591876209,0.125,0.0963491295938105,7.749706988416161,0.0774786552381469,0.0573017408123791,11,1990-12-02,1987,1987-01-25,1987-03-11,497,269,CDU,FDP,223,46,9.89,11.22,6.2503,5.9233,1,0,CDU-FDP,6.0868,18.1118336956522,6.19448687001162,1.33,1,2,gov_2,8,0.014405423218152717,9.83939,-0.3544845697316129,3.3996270835210254
44.264,9.11,2420,0.0251450676982592,0.0454545454545455,0.0352998065764023,2.8618063894501398,0.0286115371845216,0.0203094777562863,11,1990-12-02,1987,1987-01-25,1987-03-11,497,269,CDU,FDP,223,46,9.89,11.22,6.2503,5.9233,1,0,CDU-FDP,6.0868,18.1118336956522,6.19448687001162,1.33,1,2,gov_2,34,0.08122073210801839,1.2643320930232558,-0.3544845697316129,3.3996270835210254
44.264,9.11,25,0.0367504835589942,0.00909090909090909,0.0229206963249516,3.2020593501254697,0.0320294822586559,0.0276595744680851,11,1990-12-02,1987,1987-01-25,1987-03-11,497,269,CDU,FDP,223,46,9.89,11.22,6.2503,5.9233,1,0,CDU-FDP,6.0868,18.1118336956522,6.19448687001162,1.33,1,2,gov_2,15,0,19.18925395348837,-0.3544845697316129,3.3996270835210254
44.264,9.11,3,0.0415860735009671,0.0318181818181818,0.0367021276595745,3.99157277113458,0.0399188667480504,0.0097678916827853,11,1990-12-02,1987,1987-01-25,1987-03-11,497,269,CDU,FDP,223,46,9.89,11.22,6.2503,5.9233,1,0,CDU-FDP,6.0868,18.1118336956522,6.19448687001162,1.33,1,2,gov_2,13,0.27213164112868915,1.6947,-0.3544845697316129,3.3996270835210254
44.264,9.11,4,0.0502901353965184,0.0454545454545455,0.0478723404255319,4.94632315402702,0.0494647855188369,0.00483558994197292,11,1990-12-02,1987,1987-01-25,1987-03-11,497,269,CDU,FDP,223,46,9.89,11.22,6.2503,5.9233,1,0,CDU-FDP,6.0868,18.1118336956522,6.19448687001162,1.33,1,2,gov_2,29,0.4285962500477336,0.480643023255814,-0.3544845697316129,3.3996270835210254
44.264,9.11,5,0.0918762088974855,0.0772727272727273,0.0845744680851064,8.937895925161609,0.0893836522668873,0.0146034816247582,11,1990-12-02,1987,1987-01-25,1987-03-11,497,269,CDU,FDP,223,46,9.89,11.22,6.2503,5.9233,1,0,CDU-FDP,6.0868,18.1118336956522,6.19448687001162,1.33,1,2,gov_2,20,0.10320317753663504,1.470397441860465,-0.3544845697316129,3.3996270835210254
44.264,9.11,6,0.0357833655705996,0.188636363636364,0.112209864603482,6.1921796466603904,0.0618726752041124,0.152852998065764,11,1990-12-02,1987,1987-01-25,1987-03-11,497,269,CDU,FDP,223,46,9.89,11.22,6.2503,5.9233,1,0,CDU-FDP,6.0868,18.1118336956522,6.19448687001162,1.33,1,2,gov_2,6,0.07185450208706022,0.04663604651162791,-0.3544845697316129,3.3996270835210254
44.264,9.11,721,0.0783365570599613,0.0568181818181818,0.0675773694390716,7.4656834899657,0.0746637501042786,0.0215183752417795,11,1990-12-02,1987,1987-01-25,1987-03-11,497,269,CDU,FDP,223,46,9.89,11.22,6.2503,5.9233,1,0,CDU-FDP,6.0868,18.1118336956522,6.19448687001162,1.33,1,2,gov_2,19,0.30677017080357044,13.496226046511628,-0.3544845697316129,3.3996270835210254
44.264,9.11,8,0.0367504835589942,0.0659090909090909,0.0513297872340426,4.17367138121706,0.0417273433214137,0.0291586073500967,11,1990-12-02,1987,1987-01-25,1987-03-11,497,269,CDU,FDP,223,46,9.89,11.22,6.2503,5.9233,1,0,CDU-FDP,6.0868,18.1118336956522,6.19448687001162,1.33,1,2,gov_2,10,0.07220686290453733,1.5527876744186047,-0.3544845697316129,3.3996270835210254
48.788,6.951000000000001,1,0.191950464396285,0.0677966101694915,0.129873537282888,17.6766180066389,0.176467706529613,0.124153854226793,10,1987-01-25,1983,1983-03-06,1983-03-30,498,278,CDU,FDP,244,34,29.927,4,6.2503,5.9233,1,0,CDU-FDP,6.0868,25.3891970588235,6.20952106603994,25.927,1,1,gov_1,27,0.1050944775944776,22.120577,0.8876797319263673,2.3868675844210814
48.788,6.951000000000001,10,0,0.0376647834274953,0.0188323917137476,0.46064843040821596,0.0046970327706726,0.0376647834274953,10,1987-01-25,1983,1983-03-06,1983-03-30,498,278,CDU,FDP,244,34,29.927,4,6.2503,5.9233,1,0,CDU-FDP,6.0868,25.3891970588235,6.20952106603994,25.927,1,1,gov_1,22,0.10187077138547726,0.1427725,0.8876797319263673,2.3868675844210814
48.788,6.951000000000001,12,0.0309597523219814,0.0376647834274953,0.0343122678747384,3.1779792097475896,0.0317959114065439,0.00670503110551387,10,1987-01-25,1983,1983-03-06,1983-03-30,498,278,CDU,FDP,244,34,29.927,4,6.2503,5.9233,1,0,CDU-FDP,6.0868,25.3891970588235,6.20952106603994,25.927,1,1,gov_1,36,0.1116737729834425,2.2884305,0.8876797319263673,2.3868675844210814
48.788,6.951000000000001,13,0.086687306501548,0.0564971751412429,0.0715922408213955,8.29949882776258,0.0829224093364485,0.0301901313603051,10,1987-01-25,1983,1983-03-06,1983-03-30,498,278,CDU,FDP,244,34,29.927,4,6.2503,5.9233,1,0,CDU-FDP,6.0868,25.3891970588235,6.20952106603994,25.927,1,1,gov_1,20,0,8.04364625,0.8876797319263673,2.3868675844210814
48.788,6.951000000000001,14,0.0123839009287926,0.0131826741996234,0.012783287564208,1.24815926237863,0.0124835129240839,7.98773270830782e-4,10,1987-01-25,1983,1983-03-06,1983-03-30,498,278,CDU,FDP,244,34,29.927,4,6.2503,5.9233,1,0,CDU-FDP,6.0868,25.3891970588235,6.20952106603994,25.927,1,1,gov_1,10,0.003125,0.35694099999999995,0.8876797319263673,2.3868675844210814
48.788,6.951000000000001,15,0.0340557275541796,0.0621468926553672,0.0481013101047734,3.74913376744687,0.0375588705710682,0.0280911651011877,10,1987-01-25,1983,1983-03-06,1983-03-30,498,278,CDU,FDP,244,34,29.927,4,6.2503,5.9233,1,0,CDU-FDP,6.0868,25.3891970588235,6.20952106603994,25.927,1,1,gov_1,22,0.4481867057673509,0.17847049999999998,0.8876797319263673,2.3868675844210814
48.788,6.951000000000001,16,0.105263157894737,0.0527306967984934,0.0789969273466151,9.88383245232538,0.098712033240904,0.0525324610962434,10,1987-01-25,1983,1983-03-06,1983-03-30,498,278,CDU,FDP,244,34,29.927,4,6.2503,5.9233,1,0,CDU-FDP,6.0868,25.3891970588235,6.20952106603994,25.927,1,1,gov_1,10,0.024094427244582044,3.08022175,0.8876797319263673,2.3868675844210814
48.788,6.951000000000001,17,0,0.00941619585687382,0.00470809792843691,0.11516210760205399,0.00117425819266815,0.00941619585687382,10,1987-01-25,1983,1983-03-06,1983-03-30,498,278,CDU,FDP,244,34,29.927,4,6.2503,5.9233,1,0,CDU-FDP,6.0868,25.3891970588235,6.20952106603994,25.927,1,1,gov_1,4,0.10645465645465645,0,0.8876797319263673,2.3868675844210814
48.788,6.951000000000001,18,0.00928792569659443,0.00753295668549906,0.00841044119104674,0.907328919883456,0.00906907014489591,0.00175496901109537,10,1987-01-25,1983,1983-03-06,1983-03-30,498,278,CDU,FDP,244,34,29.927,4,6.2503,5.9233,1,0,CDU-FDP,6.0868,25.3891970588235,6.20952106603994,25.927,1,1,gov_1,14,0.15054347826086956,0,0.8876797319263673,2.3868675844210814
48.788,6.951000000000001,19,0.130030959752322,0.114877589453861,0.122454274603091,12.8177669859704,0.128141240221211,0.0151533702984613,10,1987-01-25,1983,1983-03-06,1983-03-30,498,278,CDU,FDP,244,34,29.927,4,6.2503,5.9233,1,0,CDU-FDP,6.0868,25.3891970588235,6.20952106603994,25.927,1,1,gov_1,15,0.2683384597858282,5.282902749999999,0.8876797319263673,2.3868675844210814
48.788,6.951000000000001,2,0.0773993808049536,0.171374764595104,0.124387072700029,8.88927730670582,0.0891186956962385,0.09397538379015,10,1987-01-25,1983,1983-03-06,1983-03-30,498,278,CDU,FDP,244,34,29.927,4,6.2503,5.9233,1,0,CDU-FDP,6.0868,25.3891970588235,6.20952106603994,25.927,1,1,gov_1,11,0.08165792540792541,1.26294475,0.8876797319263673,2.3868675844210814
48.788,6.951000000000001,2420,0.0402476780185759,0.0470809792843691,0.0436643286514725,4.10834055115146,0.0410998331899734,0.00683330126579326,10,1987-01-25,1983,1983-03-06,1983-03-30,498,278,CDU,FDP,244,34,29.927,4,6.2503,5.9233,1,0,CDU-FDP,6.0868,25.3891970588235,6.20952106603994,25.927,1,1,gov_1,39,0.03658864795918367,0.5748945,0.8876797319263673,2.3868675844210814
48.788,6.951000000000001,25,0.0804953560371517,0.0112994350282486,0.0458973955327001,7.20325455540484,0.0718661942844671,0.0691959210089031,10,1987-01-25,1983,1983-03-06,1983-03-30,498,278,CDU,FDP,244,34,29.927,4,6.2503,5.9233,1,0,CDU-FDP,6.0868,25.3891970588235,6.20952106603994,25.927,1,1,gov_1,0,0,0.08191499999999999,0.8876797319263673,2.3868675844210814
48.788,6.951000000000001,3,0.00309597523219814,0.00188323917137476,0.00248960720178645,0.29476549945434805,0.00294473950212076,0.00121273606082338,10,1987-01-25,1983,1983-03-06,1983-03-30,498,278,CDU,FDP,244,34,29.927,4,6.2503,5.9233,1,0,CDU-FDP,6.0868,25.3891970588235,6.20952106603994,25.927,1,1,gov_1,15,0.3070745044429255,0.13224149999999998,0.8876797319263673,2.3868675844210814
48.788,6.951000000000001,4,0.0154798761609907,0.0282485875706215,0.0218642318658061,1.70415171247585,0.0170722138959401,0.0127687114096308,10,1987-01-25,1983,1983-03-06,1983-03-30,498,278,CDU,FDP,244,34,29.927,4,6.2503,5.9233,1,0,CDU-FDP,6.0868,25.3891970588235,6.20952106603994,25.927,1,1,gov_1,17,0.58651597646153,0.39350525,0.8876797319263673,2.3868675844210814
48.788,6.951000000000001,5,0.148606811145511,0.0809792843691149,0.114793047757313,14.033581866206701,0.140173237909128,0.067627526776396,10,1987-01-25,1983,1983-03-06,1983-03-30,498,278,CDU,FDP,244,34,29.927,4,6.2503,5.9233,1,0,CDU-FDP,6.0868,25.3891970588235,6.20952106603994,25.927,1,1,gov_1,23,0.07399769585253456,43.536783250000006,0.8876797319263673,2.3868675844210814
48.788,6.951000000000001,6,0.00928792569659443,0.0508474576271186,0.0300676916618565,1.4370746148529001,0.0144706578311694,0.0415595319305242,10,1987-01-25,1983,1983-03-06,1983-03-30,498,278,CDU,FDP,244,34,29.927,4,6.2503,5.9233,1,0,CDU-FDP,6.0868,25.3891970588235,6.20952106603994,25.927,1,1,gov_1,7,0,0.321243,0.8876797319263673,2.3868675844210814
48.788,6.951000000000001,721,0.0247678018575851,0.131826741996234,0.0782972719269093,3.78613412990026,0.0381187176060511,0.107058940138648,10,1987-01-25,1983,1983-03-06,1983-03-30,498,278,CDU,FDP,244,34,29.927,4,6.2503,5.9233,1,0,CDU-FDP,6.0868,25.3891970588235,6.20952106603994,25.927,1,1,gov_1,23,0.21952294685990337,6.799131,0.8876797319263673,2.3868675844210814
48.788,6.951000000000001,8,0,0.0169491525423729,0.00847457627118644,0.20729179368369702,0.00211366474680267,0.0169491525423729,10,1987-01-25,1983,1983-03-06,1983-03-30,498,278,CDU,FDP,244,34,29.927,4,6.2503,5.9233,1,0,CDU-FDP,6.0868,25.3891970588235,6.20952106603994,25.927,1,1,gov_1,5,0.19807900432900433,4.2475255,0.8876797319263673,2.3868675844210814
